"label_17network","index","label","network_label","label_7network","index_17network","network_label_17network","averagerank.wholebrain","finalrank.wholebrain","averagerank.hemisphere","finalrank.hemisphere","dataorder","finalrank.wholebrainrank"
"17Networks_LH_DorsAttnA_TempOcc_2",1,"LH_Vis_1","Vis","7Networks_LH_Vis_1",61,"DorsAttnA",196.1,182,97,92,121,182
"17Networks_LH_DefaultC_PHC_2",2,"LH_Vis_2","Vis","7Networks_LH_Vis_2",193,"DefaultC",211.7,206,106.3,101,385,206
"17Networks_LH_VisCent_ExStr_1",3,"LH_Vis_3","Vis","7Networks_LH_Vis_3",1,"VisCent",151.1,109.5,75.8,55.5,1,109
"17Networks_LH_VisPeri_ExStrInf_1",4,"LH_Vis_4","Vis","7Networks_LH_Vis_4",13,"VisPeri",127.1,75,64.4,39,25,75
"17Networks_LH_VisCent_ExStr_2",5,"LH_Vis_5","Vis","7Networks_LH_Vis_5",2,"VisCent",105,53.5,52.2,26,3,53
"17Networks_LH_VisCent_ExStr_3",6,"LH_Vis_6","Vis","7Networks_LH_Vis_6",3,"VisCent",112.6,64,56.7,32,5,64
"17Networks_LH_DefaultC_PHC_3",7,"LH_Vis_7","Vis","7Networks_LH_Vis_7",194,"DefaultC",160.4,126,81.2,65,387,126
"17Networks_LH_DorsAttnA_TempOcc_4",8,"LH_Vis_8","Vis","7Networks_LH_Vis_8",63,"DorsAttnA",165.4,135,83.9,71,125,135
"17Networks_LH_VisCent_ExStr_4",9,"LH_Vis_9","Vis","7Networks_LH_Vis_9",4,"VisCent",84.3,24,41.7,12,7,24
"17Networks_LH_VisPeri_ExStrInf_2",10,"LH_Vis_10","Vis","7Networks_LH_Vis_10",14,"VisPeri",85.5,28,43.4,16,27,28
"17Networks_LH_VisPeri_ExStrInf_3",11,"LH_Vis_11","Vis","7Networks_LH_Vis_11",15,"VisPeri",83.6,22,42,13,29,22
"17Networks_LH_VisCent_ExStr_5",12,"LH_Vis_12","Vis","7Networks_LH_Vis_12",5,"VisCent",109.8,60,54.2,29,9,60
"17Networks_LH_VisPeri_ExStrInf_4",13,"LH_Vis_13","Vis","7Networks_LH_Vis_13",16,"VisPeri",123.9,73,61.3,34.5,31,73
"17Networks_LH_VisCent_ExStr_6",14,"LH_Vis_14","Vis","7Networks_LH_Vis_14",6,"VisCent",141.5,94,71.7,49,11,94
"17Networks_LH_VisCent_Striate_1",15,"LH_Vis_15","Vis","7Networks_LH_Vis_15",7,"VisCent",73.2,8,37,3,13,8
"17Networks_LH_VisPeri_ExStrInf_5",16,"LH_Vis_16","Vis","7Networks_LH_Vis_16",17,"VisPeri",100.1,44,50.6,25,33,44
"17Networks_LH_VisCent_ExStr_7",17,"LH_Vis_17","Vis","7Networks_LH_Vis_17",8,"VisCent",140.5,91.5,71.2,48,15,91
"17Networks_LH_VisPeri_StriCal_1",18,"LH_Vis_18","Vis","7Networks_LH_Vis_18",18,"VisPeri",63.4,3,31.7,2,35,3
"17Networks_LH_VisCent_ExStr_8",19,"LH_Vis_19","Vis","7Networks_LH_Vis_19",9,"VisCent",127.2,76.5,63.4,37,17,76
"17Networks_LH_DefaultC_Rsp_1",20,"LH_Vis_20","Vis","7Networks_LH_Vis_20",189,"DefaultC",147.9,103,74.4,51.5,377,103
"17Networks_LH_VisPeri_StriCal_2",21,"LH_Vis_21","Vis","7Networks_LH_Vis_21",19,"VisPeri",57.9,1,28.7,1,37,1
"17Networks_LH_VisPeri_ExStrSup_1",22,"LH_Vis_22","Vis","7Networks_LH_Vis_22",20,"VisPeri",76.8,12,38.1,5,39,12
"17Networks_LH_VisCent_ExStr_9",23,"LH_Vis_23","Vis","7Networks_LH_Vis_23",10,"VisCent",167.1,139,84.6,73,19,139
"17Networks_LH_VisCent_ExStr_10",24,"LH_Vis_24","Vis","7Networks_LH_Vis_24",11,"VisCent",74,9,37.9,4,21,9
"17Networks_LH_VisPeri_ExStrSup_2",25,"LH_Vis_25","Vis","7Networks_LH_Vis_25",21,"VisPeri",78.6,16,39.1,8.5,41,16
"17Networks_LH_VisPeri_ExStrSup_3",26,"LH_Vis_26","Vis","7Networks_LH_Vis_26",22,"VisPeri",87.5,29.5,43.6,17,43,30
"17Networks_LH_VisCent_ExStr_11",27,"LH_Vis_27","Vis","7Networks_LH_Vis_27",12,"VisCent",135,87,68.3,44,23,87
"17Networks_LH_DorsAttnA_ParOcc_2",28,"LH_Vis_28","Vis","7Networks_LH_Vis_28",65,"DorsAttnA",166.2,136,82.5,69,129,136
"17Networks_LH_VisPeri_ExStrSup_4",29,"LH_Vis_29","Vis","7Networks_LH_Vis_29",23,"VisPeri",92.2,36,46.4,19,45,36
"17Networks_LH_VisPeri_ExStrSup_5",30,"LH_Vis_30","Vis","7Networks_LH_Vis_30",24,"VisPeri",108.1,58,54.6,30,47,58
"17Networks_LH_DorsAttnA_SPL_2",31,"LH_Vis_31","Vis","7Networks_LH_Vis_31",67,"DorsAttnA",131.5,81,64.3,38,133,81
"17Networks_LH_SomMotB_Aud_1",32,"LH_SomMot_1","SomMot","7Networks_LH_SomMot_1",44,"SomMotB",199.8,189,100.8,97,87,189
"17Networks_LH_SomMotB_Aud_2",33,"LH_SomMot_2","SomMot","7Networks_LH_SomMot_2",45,"SomMotB",147.3,100,74.7,53,89,100
"17Networks_LH_SomMotB_Ins_1",34,"LH_SomMot_3","SomMot","7Networks_LH_SomMot_3",46,"SomMotB",191.5,177,96.4,90,91,177
"17Networks_LH_SomMotB_S2_1",35,"LH_SomMot_4","SomMot","7Networks_LH_SomMot_4",47,"SomMotB",185.3,170,92.3,87,93,170
"17Networks_LH_SomMotB_S2_2",36,"LH_SomMot_5","SomMot","7Networks_LH_SomMot_5",48,"SomMotB",131.6,82,66.5,41,95,82
"17Networks_LH_SomMotB_Aud_3",37,"LH_SomMot_6","SomMot","7Networks_LH_SomMot_6",49,"SomMotB",186.2,172,94.2,89,97,172
"17Networks_LH_SomMotB_Aud_4",38,"LH_SomMot_7","SomMot","7Networks_LH_SomMot_7",50,"SomMotB",160.8,127,81.4,66,99,127
"17Networks_LH_SomMotB_S2_3",39,"LH_SomMot_8","SomMot","7Networks_LH_SomMot_8",51,"SomMotB",122.3,70,61.5,36,101,70
"17Networks_LH_SomMotB_S2_4",40,"LH_SomMot_9","SomMot","7Networks_LH_SomMot_9",52,"SomMotB",176.5,154,88.6,79.5,103,154
"17Networks_LH_SomMotB_S2_5",41,"LH_SomMot_10","SomMot","7Networks_LH_SomMot_10",53,"SomMotB",149.5,107,75.8,55.5,105,107
"17Networks_LH_SomMotB_S2_6",42,"LH_SomMot_11","SomMot","7Networks_LH_SomMot_11",54,"SomMotB",173.5,148,87.7,78,107,148
"17Networks_LH_SomMotB_Cent_1",43,"LH_SomMot_12","SomMot","7Networks_LH_SomMot_12",55,"SomMotB",128.5,78,66,40,109,78
"17Networks_LH_SomMotB_Cent_2",44,"LH_SomMot_13","SomMot","7Networks_LH_SomMot_13",56,"SomMotB",132,84,67.9,43,111,84
"17Networks_LH_SomMotB_Cent_3",45,"LH_SomMot_14","SomMot","7Networks_LH_SomMot_14",57,"SomMotB",99.5,41,50.4,23.5,113,41
"17Networks_LH_DorsAttnB_PostC_2",46,"LH_SomMot_15","SomMot","7Networks_LH_SomMot_15",74,"DorsAttnB",163.9,131,81.6,67,147,131
"17Networks_LH_SomMotB_Cent_4",47,"LH_SomMot_16","SomMot","7Networks_LH_SomMot_16",58,"SomMotB",153.1,112,77.4,57,115,112
"17Networks_LH_SomMotB_Cent_5",48,"LH_SomMot_17","SomMot","7Networks_LH_SomMot_17",59,"SomMotB",109.5,59,56.1,31,117,59
"17Networks_LH_SomMotA_1",49,"LH_SomMot_18","SomMot","7Networks_LH_SomMot_18",25,"SomMotA",137.1,88,68.8,45,49,88
"17Networks_LH_SomMotA_2",50,"LH_SomMot_19","SomMot","7Networks_LH_SomMot_19",26,"SomMotA",96,38,48.6,20,51,38
"17Networks_LH_SomMotA_3",51,"LH_SomMot_20","SomMot","7Networks_LH_SomMot_20",27,"SomMotA",79.9,17,39.7,10,53,17
"17Networks_LH_SomMotA_4",52,"LH_SomMot_21","SomMot","7Networks_LH_SomMot_21",28,"SomMotA",119.6,68,61.3,34.5,55,68
"17Networks_LH_SomMotA_5",53,"LH_SomMot_22","SomMot","7Networks_LH_SomMot_22",29,"SomMotA",77.3,14,39,7,57,14
"17Networks_LH_SomMotA_6",54,"LH_SomMot_23","SomMot","7Networks_LH_SomMot_23",30,"SomMotA",105.3,55,53.3,28,59,55
"17Networks_LH_SomMotA_7",55,"LH_SomMot_24","SomMot","7Networks_LH_SomMot_24",31,"SomMotA",99.6,42,50,22,61,42
"17Networks_LH_SomMotA_8",56,"LH_SomMot_25","SomMot","7Networks_LH_SomMot_25",32,"SomMotA",157,118.5,78.4,59,63,118
"17Networks_LH_SomMotA_9",57,"LH_SomMot_26","SomMot","7Networks_LH_SomMot_26",33,"SomMotA",90.3,34,45.6,18,65,34
"17Networks_LH_DorsAttnB_PostC_6",58,"LH_SomMot_27","SomMot","7Networks_LH_SomMot_27",78,"DorsAttnB",133,86,66.8,42,155,86
"17Networks_LH_SomMotA_10",59,"LH_SomMot_28","SomMot","7Networks_LH_SomMot_28",34,"SomMotA",76.9,13,38.5,6,67,13
"17Networks_LH_SomMotA_11",60,"LH_SomMot_29","SomMot","7Networks_LH_SomMot_29",35,"SomMotA",104.5,51,52.4,27,69,51
"17Networks_LH_SomMotA_12",61,"LH_SomMot_30","SomMot","7Networks_LH_SomMot_30",36,"SomMotA",140.5,91.5,70.9,46,71,92
"17Networks_LH_SomMotA_13",62,"LH_SomMot_31","SomMot","7Networks_LH_SomMot_31",37,"SomMotA",80.1,18,41.2,11,73,18
"17Networks_LH_SomMotA_14",63,"LH_SomMot_32","SomMot","7Networks_LH_SomMot_32",38,"SomMotA",101.4,47,50.4,23.5,75,47
"17Networks_LH_SomMotA_15",64,"LH_SomMot_33","SomMot","7Networks_LH_SomMot_33",39,"SomMotA",82.4,19,42.6,14,77,19
"17Networks_LH_SomMotA_16",65,"LH_SomMot_34","SomMot","7Networks_LH_SomMot_34",40,"SomMotA",117.7,66,59,33,79,66
"17Networks_LH_SomMotA_17",66,"LH_SomMot_35","SomMot","7Networks_LH_SomMot_35",41,"SomMotA",76.3,11,39.1,8.5,81,11
"17Networks_LH_SomMotA_18",67,"LH_SomMot_36","SomMot","7Networks_LH_SomMot_36",42,"SomMotA",98,39,49.1,21,83,39
"17Networks_LH_SomMotA_19",68,"LH_SomMot_37","SomMot","7Networks_LH_SomMot_37",43,"SomMotA",85.3,27,43.2,15,85,27
"17Networks_LH_DorsAttnA_TempOcc_1",69,"LH_DorsAttn_Post_1","DorsAttn","7Networks_LH_DorsAttn_Post_1",60,"DorsAttnA",233.8,250,116.3,122,119,250
"17Networks_LH_DorsAttnA_TempOcc_3",70,"LH_DorsAttn_Post_2","DorsAttn","7Networks_LH_DorsAttn_Post_2",62,"DorsAttnA",238.7,262,117.7,125.5,123,262
"17Networks_LH_ContA_Temp_1",71,"LH_DorsAttn_Post_3","DorsAttn","7Networks_LH_DorsAttn_Post_3",121,"ContA",241.4,269,120.9,136,241,269
"17Networks_LH_DorsAttnA_ParOcc_1",72,"LH_DorsAttn_Post_4","DorsAttn","7Networks_LH_DorsAttn_Post_4",64,"DorsAttnA",157.9,121,79.6,61,127,121
"17Networks_LH_DorsAttnA_SPL_1",73,"LH_DorsAttn_Post_5","DorsAttn","7Networks_LH_DorsAttn_Post_5",66,"DorsAttnA",140.7,93,71.1,47,131,93
"17Networks_LH_DorsAttnB_PostC_3",74,"LH_DorsAttn_Post_6","DorsAttn","7Networks_LH_DorsAttn_Post_6",75,"DorsAttnB",224.7,235.5,112.5,114.5,149,235
"17Networks_LH_DorsAttnA_SPL_3",75,"LH_DorsAttn_Post_7","DorsAttn","7Networks_LH_DorsAttn_Post_7",68,"DorsAttnA",175.7,153,87.5,76,135,153
"17Networks_LH_DorsAttnB_PostC_4",76,"LH_DorsAttn_Post_8","DorsAttn","7Networks_LH_DorsAttn_Post_8",76,"DorsAttnB",149.8,108,74.8,54,151,108
"17Networks_LH_ContA_IPS_5",77,"LH_DorsAttn_Post_9","DorsAttn","7Networks_LH_DorsAttn_Post_9",126,"ContA",192.6,180,97.1,93,251,180
"17Networks_LH_DorsAttnA_SPL_4",78,"LH_DorsAttn_Post_10","DorsAttn","7Networks_LH_DorsAttn_Post_10",69,"DorsAttnA",192.2,179,96.5,91,137,179
"17Networks_LH_DorsAttnB_PostC_5",79,"LH_DorsAttn_Post_11","DorsAttn","7Networks_LH_DorsAttn_Post_11",77,"DorsAttnB",159.3,124,80.7,63,153,124
"17Networks_LH_DorsAttnA_SPL_5",80,"LH_DorsAttn_Post_12","DorsAttn","7Networks_LH_DorsAttn_Post_12",70,"DorsAttnA",181.5,162,91.3,84,139,162
"17Networks_LH_DorsAttnA_SPL_6",81,"LH_DorsAttn_Post_13","DorsAttn","7Networks_LH_DorsAttn_Post_13",71,"DorsAttnA",149.1,106,73.6,50,141,106
"17Networks_LH_DorsAttnA_SPL_7",82,"LH_DorsAttn_Post_14","DorsAttn","7Networks_LH_DorsAttn_Post_14",72,"DorsAttnA",161.5,129.5,80.9,64,143,129
"17Networks_LH_DorsAttnB_PostC_7",83,"LH_DorsAttn_Post_15","DorsAttn","7Networks_LH_DorsAttn_Post_15",79,"DorsAttnB",166.5,137,83.6,70,157,137
"17Networks_LH_DorsAttnB_PostC_8",84,"LH_DorsAttn_Post_16","DorsAttn","7Networks_LH_DorsAttn_Post_16",80,"DorsAttnB",152.9,111,77.9,58,159,111
"17Networks_LH_DorsAttnB_PostC_9",85,"LH_DorsAttn_Post_17","DorsAttn","7Networks_LH_DorsAttn_Post_17",81,"DorsAttnB",148.2,104.5,74.4,51.5,161,104
"17Networks_LH_DorsAttnB_FEF_1",86,"LH_DorsAttn_FEF_1","DorsAttn","7Networks_LH_DorsAttn_FEF_1",82,"DorsAttnB",184,167,92.1,86,163,167
"17Networks_LH_DorsAttnB_FEF_2",87,"LH_DorsAttn_FEF_2","DorsAttn","7Networks_LH_DorsAttn_FEF_2",83,"DorsAttnB",224.5,234,112.5,114.5,165,234
"17Networks_LH_DorsAttnB_FEF_3",88,"LH_DorsAttn_FEF_3","DorsAttn","7Networks_LH_DorsAttn_FEF_3",84,"DorsAttnB",200.9,192,100.9,98,167,192
"17Networks_LH_ContA_PFCd_1",89,"LH_DorsAttn_FEF_4","DorsAttn","7Networks_LH_DorsAttn_FEF_4",127,"ContA",219.6,225,110.4,109,253,225
"17Networks_LH_ContA_PFCl_1",90,"LH_DorsAttn_PrCv_1","DorsAttn","7Networks_LH_DorsAttn_PrCv_1",130,"ContA",230.9,245,115.9,119,259,245
"17Networks_LH_DorsAttnB_PrCv_1",91,"LH_DorsAttn_PrCv_2","DorsAttn","7Networks_LH_DorsAttn_PrCv_2",85,"DorsAttnB",232.2,247,116.1,120,169,247
"17Networks_LH_SalVentAttnA_ParOper_1",92,"LH_SalVentAttn_ParOper_1","SalVentAttn","7Networks_LH_SalVentAttn_ParOper_1",86,"SalVentAttnA",198.1,185,100.3,96,171,185
"17Networks_LH_SalVentAttnA_ParOper_2",93,"LH_SalVentAttn_ParOper_2","SalVentAttn","7Networks_LH_SalVentAttn_ParOper_2",87,"SalVentAttnA",238.1,261,118.1,127.5,173,261
"17Networks_LH_DorsAttnB_PostC_1",94,"LH_SalVentAttn_ParOper_3","SalVentAttn","7Networks_LH_SalVentAttn_ParOper_3",73,"DorsAttnB",216.8,218,110.6,110,145,218
"17Networks_LH_SalVentAttnA_ParOper_3",95,"LH_SalVentAttn_ParOper_4","SalVentAttn","7Networks_LH_SalVentAttn_ParOper_4",88,"SalVentAttnA",264.5,309,133.1,155,175,309
"17Networks_LH_TempPar_5",96,"LH_SalVentAttn_TempOcc_1","SalVentAttn","7Networks_LH_SalVentAttn_TempOcc_1",199,"TempPar",223.1,232,112.2,113,397,232
"17Networks_LH_LimbicA_TempPole_7",97,"LH_SalVentAttn_FrOperIns_1","SalVentAttn","7Networks_LH_SalVentAttn_FrOperIns_1",120,"LimbicA",217,219,109.8,106,239,219
"17Networks_LH_SalVentAttnA_Ins_1",98,"LH_SalVentAttn_FrOperIns_2","SalVentAttn","7Networks_LH_SalVentAttn_FrOperIns_2",89,"SalVentAttnA",219.6,225,110.2,107,177,224
"17Networks_LH_SalVentAttnB_Ins_2",99,"LH_SalVentAttn_FrOperIns_3","SalVentAttn","7Networks_LH_SalVentAttn_FrOperIns_3",105,"SalVentAttnB",274.1,325,135.4,157,209,325
"17Networks_LH_SalVentAttnA_Ins_2",100,"LH_SalVentAttn_FrOperIns_4","SalVentAttn","7Networks_LH_SalVentAttn_FrOperIns_4",90,"SalVentAttnA",258.5,298,130.6,151,179,298
"17Networks_LH_SalVentAttnA_Ins_3",101,"LH_SalVentAttn_FrOperIns_5","SalVentAttn","7Networks_LH_SalVentAttn_FrOperIns_5",91,"SalVentAttnA",228.1,241.5,113.2,116,181,242
"17Networks_LH_SalVentAttnA_Ins_4",102,"LH_SalVentAttn_FrOperIns_6","SalVentAttn","7Networks_LH_SalVentAttn_FrOperIns_6",92,"SalVentAttnA",222.2,230,111.3,112,183,230
"17Networks_LH_SalVentAttnB_Ins_3",103,"LH_SalVentAttn_FrOperIns_7","SalVentAttn","7Networks_LH_SalVentAttn_FrOperIns_7",106,"SalVentAttnB",236.9,256.5,118.5,130,211,256
"17Networks_LH_SalVentAttnA_FrOper_1",104,"LH_SalVentAttn_FrOperIns_8","SalVentAttn","7Networks_LH_SalVentAttn_FrOperIns_8",93,"SalVentAttnA",180.8,160,90.1,83,185,160
"17Networks_LH_SalVentAttnA_FrOper_2",105,"LH_SalVentAttn_FrOperIns_9","SalVentAttn","7Networks_LH_SalVentAttn_FrOperIns_9",94,"SalVentAttnA",239.6,264,119.5,132.5,187,264
"17Networks_LH_SalVentAttnB_PFCl_2",106,"LH_SalVentAttn_PFCl_1","SalVentAttn","7Networks_LH_SalVentAttn_PFCl_1",102,"SalVentAttnB",282.6,341.5,141.8,170,203,341
"17Networks_LH_SalVentAttnB_PFCmp_1",107,"LH_SalVentAttn_Med_1","SalVentAttn","7Networks_LH_SalVentAttn_Med_1",108,"SalVentAttnB",243.8,277.5,122.2,140,215,277
"17Networks_LH_SalVentAttnA_FrMed_1",108,"LH_SalVentAttn_Med_2","SalVentAttn","7Networks_LH_SalVentAttn_Med_2",98,"SalVentAttnA",212.1,207,106.9,103,195,207
"17Networks_LH_SalVentAttnA_ParMed_1",109,"LH_SalVentAttn_Med_3","SalVentAttn","7Networks_LH_SalVentAttn_Med_3",95,"SalVentAttnA",173.1,147,86.7,75,189,147
"17Networks_LH_SalVentAttnA_FrMed_2",110,"LH_SalVentAttn_Med_4","SalVentAttn","7Networks_LH_SalVentAttn_Med_4",99,"SalVentAttnA",234.5,252,116.2,121,197,252
"17Networks_LH_SalVentAttnA_ParMed_2",111,"LH_SalVentAttn_Med_5","SalVentAttn","7Networks_LH_SalVentAttn_Med_5",96,"SalVentAttnA",180,158,90,82,191,158
"17Networks_LH_SalVentAttnA_ParMed_3",112,"LH_SalVentAttn_Med_6","SalVentAttn","7Networks_LH_SalVentAttn_Med_6",97,"SalVentAttnA",159,123,79.3,60,193,123
"17Networks_LH_SalVentAttnA_FrMed_3",113,"LH_SalVentAttn_Med_7","SalVentAttn","7Networks_LH_SalVentAttn_Med_7",100,"SalVentAttnA",170.8,144,85.1,74,199,144
"17Networks_LH_LimbicB_OFC_1",114,"LH_Limbic_OFC_1","Limbic","7Networks_LH_Limbic_OFC_1",109,"LimbicB",242.2,273,121.5,137.5,217,273
"17Networks_LH_LimbicB_OFC_2",115,"LH_Limbic_OFC_2","Limbic","7Networks_LH_Limbic_OFC_2",110,"LimbicB",257.2,295,127.1,145,219,295
"17Networks_LH_LimbicB_OFC_3",116,"LH_Limbic_OFC_3","Limbic","7Networks_LH_Limbic_OFC_3",111,"LimbicB",264.3,308,131.5,152.5,221,308
"17Networks_LH_LimbicB_OFC_4",117,"LH_Limbic_OFC_4","Limbic","7Networks_LH_Limbic_OFC_4",112,"LimbicB",238,260,118.7,131,223,260
"17Networks_LH_LimbicB_OFC_5",118,"LH_Limbic_OFC_5","Limbic","7Networks_LH_Limbic_OFC_5",113,"LimbicB",282.6,341.5,141.1,168,225,342
"17Networks_LH_LimbicA_TempPole_1",119,"LH_Limbic_TempPole_1","Limbic","7Networks_LH_Limbic_TempPole_1",114,"LimbicA",242.7,275,120.8,135,227,275
"17Networks_LH_LimbicA_TempPole_2",120,"LH_Limbic_TempPole_2","Limbic","7Networks_LH_Limbic_TempPole_2",115,"LimbicA",236.9,256.5,118.1,127.5,229,257
"17Networks_LH_LimbicA_TempPole_3",121,"LH_Limbic_TempPole_3","Limbic","7Networks_LH_Limbic_TempPole_3",116,"LimbicA",233.7,249,116.9,124,231,249
"17Networks_LH_LimbicA_TempPole_4",122,"LH_Limbic_TempPole_4","Limbic","7Networks_LH_Limbic_TempPole_4",117,"LimbicA",260.3,300,130,150,233,300
"17Networks_LH_LimbicA_TempPole_5",123,"LH_Limbic_TempPole_5","Limbic","7Networks_LH_Limbic_TempPole_5",118,"LimbicA",234.2,251,118.4,129,235,251
"17Networks_LH_DefaultB_Temp_1",124,"LH_Limbic_TempPole_6","Limbic","7Networks_LH_Limbic_TempPole_6",167,"DefaultB",263.3,306,131.5,152.5,333,306
"17Networks_LH_LimbicA_TempPole_6",125,"LH_Limbic_TempPole_7","Limbic","7Networks_LH_Limbic_TempPole_7",119,"LimbicA",241.7,270,119.5,132.5,237,270
"17Networks_LH_DefaultC_PHC_1",126,"LH_Limbic_TempPole_8","Limbic","7Networks_LH_Limbic_TempPole_8",192,"DefaultC",175.2,152,88.6,79.5,383,152
"17Networks_LH_ContA_IPS_1",127,"LH_Cont_Par_1","Cont","7Networks_LH_Cont_Par_1",122,"ContA",205,198,102.2,99,243,198
"17Networks_LH_ContA_IPS_2",128,"LH_Cont_Par_2","Cont","7Networks_LH_Cont_Par_2",123,"ContA",277.9,330,139.5,165,245,330
"17Networks_LH_ContB_IPL_2",129,"LH_Cont_Par_3","Cont","7Networks_LH_Cont_Par_3",137,"ContB",278,331,138.5,163,273,331
"17Networks_LH_ContA_IPS_3",130,"LH_Cont_Par_4","Cont","7Networks_LH_Cont_Par_4",124,"ContA",232.8,248,116.7,123,247,248
"17Networks_LH_ContB_IPL_3",131,"LH_Cont_Par_5","Cont","7Networks_LH_Cont_Par_5",138,"ContB",219.3,222.5,110.3,108,275,223
"17Networks_LH_ContA_IPS_4",132,"LH_Cont_Par_6","Cont","7Networks_LH_Cont_Par_6",125,"ContA",217.5,221,109.7,105,249,221
"17Networks_LH_ContB_Temp_2",133,"LH_Cont_Temp_1","Cont","7Networks_LH_Cont_Temp_1",135,"ContB",323.1,397,161.8,199,269,397
"17Networks_LH_SalVentAttnB_OFC_1",134,"LH_Cont_OFC_1","Cont","7Networks_LH_Cont_OFC_1",107,"SalVentAttnB",286.1,348.5,142.5,174,213,348
"17Networks_LH_ContB_PFClv_1",135,"LH_Cont_PFCl_1","Cont","7Networks_LH_Cont_PFCl_1",140,"ContB",306.4,385,152.3,191,279,385
"17Networks_LH_ContA_PFClv_1",136,"LH_Cont_PFCl_2","Cont","7Networks_LH_Cont_PFCl_2",128,"ContA",275,327,137.3,162,255,327
"17Networks_LH_SalVentAttnB_PFCl_1",137,"LH_Cont_PFCl_3","Cont","7Networks_LH_Cont_PFCl_3",101,"SalVentAttnB",291.1,356,145.1,179.5,201,356
"17Networks_LH_ContB_PFClv_3",138,"LH_Cont_PFCl_4","Cont","7Networks_LH_Cont_PFCl_4",142,"ContB",286.3,350,143.2,176,283,350
"17Networks_LH_ContA_PFClv_2",139,"LH_Cont_PFCl_5","Cont","7Networks_LH_Cont_PFCl_5",129,"ContA",284.7,345,142.3,173,257,345
"17Networks_LH_ContA_PFCl_2",140,"LH_Cont_PFCl_6","Cont","7Networks_LH_Cont_PFCl_6",131,"ContA",255,292.5,127,144,261,293
"17Networks_LH_ContA_PFCl_3",141,"LH_Cont_PFCl_7","Cont","7Networks_LH_Cont_PFCl_7",132,"ContA",268.1,313,134.3,156,263,313
"17Networks_LH_SalVentAttnB_PFCl_3",142,"LH_Cont_PFCl_8","Cont","7Networks_LH_Cont_PFCl_8",103,"SalVentAttnB",301.4,381,150.9,188,205,381
"17Networks_LH_SalVentAttnB_Ins_1",143,"LH_Cont_PFCv_1","Cont","7Networks_LH_Cont_PFCv_1",104,"SalVentAttnB",272.4,319,136.1,161,207,319
"17Networks_LH_ContC_pCun_2",144,"LH_Cont_pCun_1","Cont","7Networks_LH_Cont_pCun_1",145,"ContC",164.1,132,81.9,68,289,132
"17Networks_LH_ContC_pCun_3",145,"LH_Cont_pCun_2","Cont","7Networks_LH_Cont_pCun_2",146,"ContC",170.5,143,84.4,72,291,143
"17Networks_LH_ContA_Cingm_1",146,"LH_Cont_Cing_1","Cont","7Networks_LH_Cont_Cing_1",133,"ContA",175,151,87.6,77,265,151
"17Networks_LH_ContC_Cingp_2",147,"LH_Cont_Cing_2","Cont","7Networks_LH_Cont_Cing_2",148,"ContC",160.9,128,80.4,62,295,128
"17Networks_LH_ContB_PFCmp_1",148,"LH_Cont_PFCmp_1","Cont","7Networks_LH_Cont_PFCmp_1",143,"ContB",290.7,355,145.1,179.5,285,355
"17Networks_LH_DefaultB_Temp_2",149,"LH_Default_Temp_1","Default","7Networks_LH_Default_Temp_1",168,"DefaultB",292.4,362.5,145.3,181,335,363
"17Networks_LH_DefaultB_Temp_3",150,"LH_Default_Temp_2","Default","7Networks_LH_Default_Temp_2",169,"DefaultB",349.7,400,174,200,337,400
"17Networks_LH_ContB_Temp_1",151,"LH_Default_Temp_3","Default","7Networks_LH_Default_Temp_3",134,"ContB",305.4,384,151.6,189,267,384
"17Networks_LH_DefaultB_Temp_4",152,"LH_Default_Temp_4","Default","7Networks_LH_Default_Temp_4",170,"DefaultB",317.3,394,158.1,198,339,394
"17Networks_LH_TempPar_1",153,"LH_Default_Temp_5","Default","7Networks_LH_Default_Temp_5",195,"TempPar",257.4,296,129.1,146,389,296
"17Networks_LH_DefaultB_Temp_5",154,"LH_Default_Temp_6","Default","7Networks_LH_Default_Temp_6",171,"DefaultB",293.4,364,146.7,182,341,364
"17Networks_LH_DefaultB_Temp_6",155,"LH_Default_Temp_7","Default","7Networks_LH_Default_Temp_7",172,"DefaultB",243.8,277.5,122.9,141,343,278
"17Networks_LH_TempPar_2",156,"LH_Default_Temp_8","Default","7Networks_LH_Default_Temp_8",196,"TempPar",214.6,210,106.5,102,391,210
"17Networks_LH_TempPar_3",157,"LH_Default_Temp_9","Default","7Networks_LH_Default_Temp_9",197,"TempPar",211.3,205,106.1,100,393,205
"17Networks_LH_TempPar_4",158,"LH_Default_Temp_10","Default","7Networks_LH_Default_Temp_10",198,"TempPar",241.8,271,122.1,139,395,271
"17Networks_LH_TempPar_6",159,"LH_Default_Par_1","Default","7Networks_LH_Default_Par_1",200,"TempPar",219.6,225,110.7,111,399,226
"17Networks_LH_DefaultB_IPL_1",160,"LH_Default_Par_2","Default","7Networks_LH_Default_Par_2",173,"DefaultB",237.9,258.5,117.7,125.5,345,259
"17Networks_LH_DefaultC_IPL_1",161,"LH_Default_Par_3","Default","7Networks_LH_Default_Par_3",188,"DefaultC",227.4,239,113.3,117,375,239
"17Networks_LH_DefaultA_IPL_1",162,"LH_Default_Par_4","Default","7Networks_LH_Default_Par_4",149,"DefaultA",260.5,302.5,129.9,149,297,303
"17Networks_LH_DefaultB_IPL_2",163,"LH_Default_Par_5","Default","7Networks_LH_Default_Par_5",174,"DefaultB",305.2,383,152.5,192,347,383
"17Networks_LH_DefaultA_IPL_2",164,"LH_Default_Par_6","Default","7Networks_LH_Default_Par_6",150,"DefaultA",249,286,123,142,299,286
"17Networks_LH_ContB_IPL_1",165,"LH_Default_Par_7","Default","7Networks_LH_Default_Par_7",136,"ContB",286.1,348.5,142.1,172,271,349
"17Networks_LH_DefaultB_PFCv_1",166,"LH_Default_PFC_1","Default","7Networks_LH_Default_PFC_1",183,"DefaultB",286.8,351,142.7,175,365,351
"17Networks_LH_DefaultB_PFCv_2",167,"LH_Default_PFC_2","Default","7Networks_LH_Default_PFC_2",184,"DefaultB",272.9,321,135.5,158,367,321
"17Networks_LH_DefaultA_PFCm_1",168,"LH_Default_PFC_3","Default","7Networks_LH_Default_PFC_3",161,"DefaultA",278.5,332,140.5,167,321,332
"17Networks_LH_DefaultA_PFCm_2",169,"LH_Default_PFC_4","Default","7Networks_LH_Default_PFC_4",162,"DefaultA",299.5,378,150.4,187,323,378
"17Networks_LH_DefaultB_PFCv_3",170,"LH_Default_PFC_5","Default","7Networks_LH_Default_PFC_5",185,"DefaultB",299.3,377,147.8,185.5,369,377
"17Networks_LH_ContB_PFClv_2",171,"LH_Default_PFC_6","Default","7Networks_LH_Default_PFC_6",141,"ContB",314.8,392,156.2,194,281,392
"17Networks_LH_DefaultB_PFCv_4",172,"LH_Default_PFC_7","Default","7Networks_LH_Default_PFC_7",186,"DefaultB",273,322,135.6,159,371,322
"17Networks_LH_DefaultA_PFCm_3",173,"LH_Default_PFC_8","Default","7Networks_LH_Default_PFC_8",163,"DefaultA",292.4,362.5,147,183,325,362
"17Networks_LH_DefaultA_PFCm_4",174,"LH_Default_PFC_9","Default","7Networks_LH_Default_PFC_9",164,"DefaultA",315.1,393,157.6,196,327,393
"17Networks_LH_DefaultB_PFCv_5",175,"LH_Default_PFC_10","Default","7Networks_LH_Default_PFC_10",187,"DefaultB",260,299,129.5,147,373,299
"17Networks_LH_DefaultA_PFCm_5",176,"LH_Default_PFC_11","Default","7Networks_LH_Default_PFC_11",165,"DefaultA",292,358.5,144.8,178,329,358
"17Networks_LH_DefaultA_PFCm_6",177,"LH_Default_PFC_12","Default","7Networks_LH_Default_PFC_12",166,"DefaultA",271.8,317,135.8,160,331,317
"17Networks_LH_DefaultB_PFCd_1",178,"LH_Default_PFC_13","Default","7Networks_LH_Default_PFC_13",175,"DefaultB",307.1,386,152.1,190,349,386
"17Networks_LH_DefaultB_PFCd_2",179,"LH_Default_PFC_14","Default","7Networks_LH_Default_PFC_14",176,"DefaultB",285,346,141.2,169,351,346
"17Networks_LH_DefaultB_PFCd_3",180,"LH_Default_PFC_15","Default","7Networks_LH_Default_PFC_15",177,"DefaultB",287.1,352.5,143.6,177,353,353
"17Networks_LH_DefaultA_PFCd_1",181,"LH_Default_PFC_16","Default","7Networks_LH_Default_PFC_16",151,"DefaultA",296.5,369.5,147.8,185.5,301,370
"17Networks_LH_DefaultB_PFCl_1",182,"LH_Default_PFC_17","Default","7Networks_LH_Default_PFC_17",181,"DefaultB",319.1,395,157.8,197,361,395
"17Networks_LH_DefaultB_PFCd_4",183,"LH_Default_PFC_18","Default","7Networks_LH_Default_PFC_18",178,"DefaultB",308.3,388.5,153.7,193,355,388
"17Networks_LH_DefaultA_PFCd_2",184,"LH_Default_PFC_19","Default","7Networks_LH_Default_PFC_19",152,"DefaultA",313.1,391,156.6,195,303,391
"17Networks_LH_DefaultB_PFCl_2",185,"LH_Default_PFC_20","Default","7Networks_LH_Default_PFC_20",182,"DefaultB",267.3,312,132.9,154,363,312
"17Networks_LH_ContB_PFCd_1",186,"LH_Default_PFC_21","Default","7Networks_LH_Default_PFC_21",139,"ContB",296.8,372,147.3,184,277,372
"17Networks_LH_DefaultA_PFCd_3",187,"LH_Default_PFC_22","Default","7Networks_LH_Default_PFC_22",153,"DefaultA",281.8,339.5,139.8,166,305,339
"17Networks_LH_DefaultB_PFCd_5",188,"LH_Default_PFC_23","Default","7Networks_LH_Default_PFC_23",179,"DefaultB",285.4,347,142,171,357,347
"17Networks_LH_DefaultB_PFCd_6",189,"LH_Default_PFC_24","Default","7Networks_LH_Default_PFC_24",180,"DefaultB",227.8,240,114,118,359,240
"17Networks_LH_DefaultC_Rsp_2",190,"LH_Default_pCunPCC_1","Default","7Networks_LH_Default_pCunPCC_1",190,"DefaultC",194.8,181,97.3,94,379,181
"17Networks_LH_DefaultC_Rsp_3",191,"LH_Default_pCunPCC_2","Default","7Networks_LH_Default_pCunPCC_2",191,"DefaultC",181.3,161,89.1,81,381,161
"17Networks_LH_DefaultA_pCunPCC_1",192,"LH_Default_pCunPCC_3","Default","7Networks_LH_Default_pCunPCC_3",154,"DefaultA",242.4,274,121.5,137.5,307,274
"17Networks_LH_ContC_Cingp_1",193,"LH_Default_pCunPCC_4","Default","7Networks_LH_Default_pCunPCC_4",147,"ContC",189.1,175.5,93.9,88,293,176
"17Networks_LH_ContC_pCun_1",194,"LH_Default_pCunPCC_5","Default","7Networks_LH_Default_pCunPCC_5",144,"ContC",184.5,168,91.6,85,287,168
"17Networks_LH_DefaultA_pCunPCC_2",195,"LH_Default_pCunPCC_6","Default","7Networks_LH_Default_pCunPCC_6",155,"DefaultA",241.3,267.5,120.5,134,309,268
"17Networks_LH_DefaultA_pCunPCC_3",196,"LH_Default_pCunPCC_7","Default","7Networks_LH_Default_pCunPCC_7",156,"DefaultA",261.2,304,129.8,148,311,304
"17Networks_LH_DefaultA_pCunPCC_4",197,"LH_Default_pCunPCC_8","Default","7Networks_LH_Default_pCunPCC_8",157,"DefaultA",281.8,339.5,138.9,164,313,340
"17Networks_LH_DefaultA_pCunPCC_5",198,"LH_Default_pCunPCC_9","Default","7Networks_LH_Default_pCunPCC_9",158,"DefaultA",249.9,287,124.7,143,315,287
"17Networks_LH_DefaultA_pCunPCC_6",199,"LH_Default_pCunPCC_10","Default","7Networks_LH_Default_pCunPCC_10",159,"DefaultA",197.8,184,98.2,95,317,184
"17Networks_LH_DefaultA_pCunPCC_7",200,"LH_Default_pCunPCC_11","Default","7Networks_LH_Default_pCunPCC_11",160,"DefaultA",215.6,214,107.1,104,319,214
"17Networks_RH_DorsAttnA_TempOcc_1",201,"RH_Vis_1","Vis","7Networks_RH_Vis_1",259,"DorsAttnA",199.7,188,101.1,97,118,188
"17Networks_RH_DefaultC_PHC_2",202,"RH_Vis_2","Vis","7Networks_RH_Vis_2",390,"DefaultC",200.5,190,100.9,96,380,190
"17Networks_RH_VisCent_ExStr_1",203,"RH_Vis_3","Vis","7Networks_RH_Vis_3",201,"VisCent",176.7,155,88.8,75,2,155
"17Networks_RH_VisCent_ExStr_2",204,"RH_Vis_4","Vis","7Networks_RH_Vis_4",202,"VisCent",123.7,72,61.9,37,4,72
"17Networks_RH_VisPeri_ExStrInf_1",205,"RH_Vis_5","Vis","7Networks_RH_Vis_5",213,"VisPeri",127.2,76.5,63.5,39,26,77
"17Networks_RH_VisCent_ExStr_3",206,"RH_Vis_6","Vis","7Networks_RH_Vis_6",203,"VisCent",105,53.5,51.2,24,6,54
"17Networks_RH_VisPeri_ExStrInf_2",207,"RH_Vis_7","Vis","7Networks_RH_Vis_7",214,"VisPeri",145.2,96.5,73.5,50,28,96
"17Networks_RH_VisCent_ExStr_4",208,"RH_Vis_8","Vis","7Networks_RH_Vis_8",204,"VisCent",89.2,33,45.4,16,8,33
"17Networks_RH_DorsAttnA_TempOcc_3",209,"RH_Vis_9","Vis","7Networks_RH_Vis_9",261,"DorsAttnA",164.3,133,80.8,65,122,133
"17Networks_RH_VisCent_ExStr_5",210,"RH_Vis_10","Vis","7Networks_RH_Vis_10",205,"VisCent",129.3,79.5,64.7,40,10,79
"17Networks_RH_VisPeri_ExStrInf_3",211,"RH_Vis_11","Vis","7Networks_RH_Vis_11",215,"VisPeri",87.5,29.5,43.8,14,30,29
"17Networks_RH_VisPeri_ExStrInf_4",212,"RH_Vis_12","Vis","7Networks_RH_Vis_12",216,"VisPeri",84.7,25,42.3,10.5,32,25
"17Networks_RH_VisCent_ExStr_6",213,"RH_Vis_13","Vis","7Networks_RH_Vis_13",206,"VisCent",98.5,40,49.9,19,12,40
"17Networks_RH_VisPeri_ExStrInf_5",214,"RH_Vis_14","Vis","7Networks_RH_Vis_14",217,"VisPeri",102.2,48.5,51.8,26.5,34,48
"17Networks_RH_VisCent_Striate_1",215,"RH_Vis_15","Vis","7Networks_RH_Vis_15",207,"VisCent",72.1,7,36.3,5,14,7
"17Networks_RH_DorsAttnA_ParOcc_1",216,"RH_Vis_16","Vis","7Networks_RH_Vis_16",262,"DorsAttnA",155,117,76.5,55,124,117
"17Networks_RH_DefaultC_Rsp_1",217,"RH_Vis_17","Vis","7Networks_RH_Vis_17",387,"DefaultC",153.6,113,78.5,60,374,113
"17Networks_RH_VisCent_ExStr_7",218,"RH_Vis_18","Vis","7Networks_RH_Vis_18",208,"VisCent",145.5,99,72.3,46,16,99
"17Networks_RH_VisPeri_StriCal_1",219,"RH_Vis_19","Vis","7Networks_RH_Vis_19",218,"VisPeri",64.4,5,32.7,3,36,5
"17Networks_RH_VisPeri_StriCal_2",220,"RH_Vis_20","Vis","7Networks_RH_Vis_20",219,"VisPeri",102.4,50,51.1,23,38,50
"17Networks_RH_VisCent_ExStr_8",221,"RH_Vis_21","Vis","7Networks_RH_Vis_21",209,"VisCent",99.7,43,50,20.5,18,43
"17Networks_RH_VisCent_ExStr_9",222,"RH_Vis_22","Vis","7Networks_RH_Vis_22",210,"VisCent",173.9,149,86.4,72,20,149
"17Networks_RH_VisCent_ExStr_10",223,"RH_Vis_23","Vis","7Networks_RH_Vis_23",211,"VisCent",76.1,10,37.9,6,22,10
"17Networks_RH_VisPeri_ExStrSup_1",224,"RH_Vis_24","Vis","7Networks_RH_Vis_24",220,"VisPeri",104.8,52,51.8,26.5,40,52
"17Networks_RH_VisPeri_ExStrSup_2",225,"RH_Vis_25","Vis","7Networks_RH_Vis_25",221,"VisPeri",83.2,21,41.5,9,42,21
"17Networks_RH_VisCent_ExStr_11",226,"RH_Vis_26","Vis","7Networks_RH_Vis_26",212,"VisCent",113.8,65,57.2,33,24,65
"17Networks_RH_DorsAttnA_ParOcc_3",227,"RH_Vis_27","Vis","7Networks_RH_Vis_27",264,"DorsAttnA",157.8,120,78.1,58,128,120
"17Networks_RH_VisPeri_ExStrSup_3",228,"RH_Vis_28","Vis","7Networks_RH_Vis_28",222,"VisPeri",118.9,67,58.9,34,44,67
"17Networks_RH_VisPeri_ExStrSup_4",229,"RH_Vis_29","Vis","7Networks_RH_Vis_29",223,"VisPeri",100.6,45,50.5,22,46,45
"17Networks_RH_DorsAttnA_SPL_1",230,"RH_Vis_30","Vis","7Networks_RH_Vis_30",265,"DorsAttnA",131.7,83,65.6,42,130,83
"17Networks_RH_SomMotB_Aud_1",231,"RH_SomMot_1","SomMot","7Networks_RH_SomMot_1",244,"SomMotB",228.1,241.5,114.6,123.5,88,241
"17Networks_RH_TempPar_4",232,"RH_SomMot_2","SomMot","7Networks_RH_SomMot_2",394,"TempPar",216.3,217,108.3,112,388,217
"17Networks_RH_SomMotB_Aud_2",233,"RH_SomMot_3","SomMot","7Networks_RH_SomMot_3",245,"SomMotB",145.3,98,73.3,48.5,90,98
"17Networks_RH_SomMotB_Ins_1",234,"RH_SomMot_4","SomMot","7Networks_RH_SomMot_4",246,"SomMotB",216,216,106.9,108,92,216
"17Networks_RH_SomMotB_S2_1",235,"RH_SomMot_5","SomMot","7Networks_RH_SomMot_5",247,"SomMotB",182.5,164,90.5,78.5,94,164
"17Networks_RH_SomMotB_S2_2",236,"RH_SomMot_6","SomMot","7Networks_RH_SomMot_6",248,"SomMotB",166.8,138,83.5,67,96,138
"17Networks_RH_SomMotB_Aud_3",237,"RH_SomMot_7","SomMot","7Networks_RH_SomMot_7",249,"SomMotB",168.6,141,84.9,68,98,141
"17Networks_RH_TempPar_8",238,"RH_SomMot_8","SomMot","7Networks_RH_SomMot_8",398,"TempPar",198.8,187,100.2,93.5,396,187
"17Networks_RH_SomMotB_S2_3",239,"RH_SomMot_9","SomMot","7Networks_RH_SomMot_9",250,"SomMotB",125.1,74,61.4,36,100,74
"17Networks_RH_SomMotB_S2_4",240,"RH_SomMot_10","SomMot","7Networks_RH_SomMot_10",251,"SomMotB",160.2,125,80.2,63,102,125
"17Networks_RH_SomMotB_S2_5",241,"RH_SomMot_11","SomMot","7Networks_RH_SomMot_11",252,"SomMotB",129.3,79.5,65.5,41,104,80
"17Networks_RH_SomMotB_S2_6",242,"RH_SomMot_12","SomMot","7Networks_RH_SomMot_12",253,"SomMotB",189.1,175.5,95.4,87,106,175
"17Networks_RH_SomMotB_S2_7",243,"RH_SomMot_13","SomMot","7Networks_RH_SomMot_13",254,"SomMotB",157,118.5,77.8,57,108,119
"17Networks_RH_SomMotB_S2_8",244,"RH_SomMot_14","SomMot","7Networks_RH_SomMot_14",255,"SomMotB",171.4,145,85.3,70,110,145
"17Networks_RH_SomMotB_Cent_1",245,"RH_SomMot_15","SomMot","7Networks_RH_SomMot_15",256,"SomMotB",177.1,156,89.8,77,112,156
"17Networks_RH_SomMotB_Cent_2",246,"RH_SomMot_16","SomMot","7Networks_RH_SomMot_16",257,"SomMotB",100.7,46,50,20.5,114,46
"17Networks_RH_DorsAttnB_PostC_1",247,"RH_SomMot_17","SomMot","7Networks_RH_SomMot_17",274,"DorsAttnB",161.5,129.5,80.3,64,148,130
"17Networks_RH_SomMotB_Cent_3",248,"RH_SomMot_18","SomMot","7Networks_RH_SomMot_18",258,"SomMotB",111.3,63,54.5,31,116,63
"17Networks_RH_SomMotA_1",249,"RH_SomMot_19","SomMot","7Networks_RH_SomMot_19",224,"SomMotA",140.3,90,70.7,45,48,90
"17Networks_RH_SalVentAttnA_ParMed_1",250,"RH_SomMot_20","SomMot","7Networks_RH_SomMot_20",297,"SalVentAttnA",172.9,146,87.1,73,194,146
"17Networks_RH_SomMotA_2",251,"RH_SomMot_21","SomMot","7Networks_RH_SomMot_21",225,"SomMotA",85,26,42.9,12,50,26
"17Networks_RH_SomMotA_3",252,"RH_SomMot_22","SomMot","7Networks_RH_SomMot_22",226,"SomMotA",109.9,61,54.7,32,52,61
"17Networks_RH_SomMotA_4",253,"RH_SomMot_23","SomMot","7Networks_RH_SomMot_23",227,"SomMotA",106,57,52.9,28,54,57
"17Networks_RH_SomMotA_5",254,"RH_SomMot_24","SomMot","7Networks_RH_SomMot_24",228,"SomMotA",145.2,96.5,73.1,47,56,97
"17Networks_RH_SomMotA_6",255,"RH_SomMot_25","SomMot","7Networks_RH_SomMot_25",229,"SomMotA",63.7,4,31.9,2,58,4
"17Networks_RH_SomMotA_7",256,"RH_SomMot_26","SomMot","7Networks_RH_SomMot_26",230,"SomMotA",83.9,23,42.3,10.5,60,23
"17Networks_RH_SomMotA_8",257,"RH_SomMot_27","SomMot","7Networks_RH_SomMot_27",231,"SomMotA",102.2,48.5,51.6,25,62,49
"17Networks_RH_SomMotA_9",258,"RH_SomMot_28","SomMot","7Networks_RH_SomMot_28",232,"SomMotA",120.7,69,61.1,35,64,69
"17Networks_RH_SomMotA_10",259,"RH_SomMot_29","SomMot","7Networks_RH_SomMot_29",233,"SomMotA",60.6,2,30.4,1,66,2
"17Networks_RH_SomMotA_11",260,"RH_SomMot_30","SomMot","7Networks_RH_SomMot_30",234,"SomMotA",91.3,35,45.7,17,68,35
"17Networks_RH_SomMotA_12",261,"RH_SomMot_31","SomMot","7Networks_RH_SomMot_31",235,"SomMotA",123.6,71,62.2,38,70,71
"17Networks_RH_SomMotA_13",262,"RH_SomMot_32","SomMot","7Networks_RH_SomMot_32",236,"SomMotA",105.6,56,53.2,29,72,56
"17Networks_RH_SomMotA_14",263,"RH_SomMot_33","SomMot","7Networks_RH_SomMot_33",237,"SomMotA",88,31,43.7,13,74,31
"17Networks_RH_SomMotA_15",264,"RH_SomMot_34","SomMot","7Networks_RH_SomMot_34",238,"SomMotA",71.1,6,35.1,4,76,6
"17Networks_RH_SomMotA_16",265,"RH_SomMot_35","SomMot","7Networks_RH_SomMot_35",239,"SomMotA",92.8,37,46.5,18,78,37
"17Networks_RH_SomMotA_17",266,"RH_SomMot_36","SomMot","7Networks_RH_SomMot_36",240,"SomMotA",132.3,85,65.9,43,80,85
"17Networks_RH_DorsAttnB_PostC_8",267,"RH_SomMot_37","SomMot","7Networks_RH_SomMot_37",281,"DorsAttnB",151.1,109.5,75.6,54,162,110
"17Networks_RH_SomMotA_18",268,"RH_SomMot_38","SomMot","7Networks_RH_SomMot_38",241,"SomMotA",78.3,15,38,7,82,15
"17Networks_RH_SomMotA_19",269,"RH_SomMot_39","SomMot","7Networks_RH_SomMot_39",242,"SomMotA",82.5,20,40.7,8,84,20
"17Networks_RH_SomMotA_20",270,"RH_SomMot_40","SomMot","7Networks_RH_SomMot_40",243,"SomMotA",88.9,32,45.2,15,86,32
"17Networks_RH_DorsAttnA_TempOcc_2",271,"RH_DorsAttn_Post_1","DorsAttn","7Networks_RH_DorsAttn_Post_1",260,"DorsAttnA",224.4,233,113.4,122,120,233
"17Networks_RH_DorsAttnB_TempOcc_1",272,"RH_DorsAttn_Post_2","DorsAttn","7Networks_RH_DorsAttn_Post_2",273,"DorsAttnB",241,266,120.3,134,146,266
"17Networks_RH_DorsAttnA_ParOcc_2",273,"RH_DorsAttn_Post_3","DorsAttn","7Networks_RH_DorsAttn_Post_3",263,"DorsAttnA",208,200,104.4,101,126,200
"17Networks_RH_DefaultC_IPL_2",274,"RH_DorsAttn_Post_4","DorsAttn","7Networks_RH_DorsAttn_Post_4",386,"DefaultC",212.4,208,105.9,106,372,208
"17Networks_RH_DorsAttnA_SPL_2",275,"RH_DorsAttn_Post_5","DorsAttn","7Networks_RH_DorsAttn_Post_5",266,"DorsAttnA",154.8,116,77.6,56,132,116
"17Networks_RH_DorsAttnB_PostC_2",276,"RH_DorsAttn_Post_6","DorsAttn","7Networks_RH_DorsAttn_Post_6",275,"DorsAttnB",201.6,194,100,91,150,194
"17Networks_RH_DorsAttnA_SPL_3",277,"RH_DorsAttn_Post_7","DorsAttn","7Networks_RH_DorsAttn_Post_7",267,"DorsAttnA",147.4,101,74.2,52,134,101
"17Networks_RH_DorsAttnB_PostC_3",278,"RH_DorsAttn_Post_8","DorsAttn","7Networks_RH_DorsAttn_Post_8",276,"DorsAttnB",182.1,163,91.1,80,152,163
"17Networks_RH_DorsAttnB_PostC_4",279,"RH_DorsAttn_Post_9","DorsAttn","7Networks_RH_DorsAttn_Post_9",277,"DorsAttnB",170.3,142,85.5,71,154,142
"17Networks_RH_DorsAttnA_SPL_4",280,"RH_DorsAttn_Post_10","DorsAttn","7Networks_RH_DorsAttn_Post_10",268,"DorsAttnA",187.1,174,94.5,85,136,174
"17Networks_RH_ContA_IPS_4",281,"RH_DorsAttn_Post_11","DorsAttn","7Networks_RH_DorsAttn_Post_11",328,"ContA",200.6,191,100.6,95,256,191
"17Networks_RH_DorsAttnA_SPL_5",282,"RH_DorsAttn_Post_12","DorsAttn","7Networks_RH_DorsAttn_Post_12",269,"DorsAttnA",144.9,95,73.3,48.5,138,95
"17Networks_RH_DorsAttnB_PostC_5",283,"RH_DorsAttn_Post_13","DorsAttn","7Networks_RH_DorsAttn_Post_13",278,"DorsAttnB",158,122,79.4,62,156,122
"17Networks_RH_DorsAttnA_SPL_6",284,"RH_DorsAttn_Post_14","DorsAttn","7Networks_RH_DorsAttn_Post_14",270,"DorsAttnA",182.8,165,91.4,81,140,165
"17Networks_RH_ContC_pCun_5",285,"RH_DorsAttn_Post_15","DorsAttn","7Networks_RH_DorsAttn_Post_15",355,"ContC",186.7,173,94.7,86,310,173
"17Networks_RH_DorsAttnA_SPL_7",286,"RH_DorsAttn_Post_16","DorsAttn","7Networks_RH_DorsAttn_Post_16",271,"DorsAttnA",147.7,102,74.9,53,142,102
"17Networks_RH_DorsAttnB_PostC_6",287,"RH_DorsAttn_Post_17","DorsAttn","7Networks_RH_DorsAttn_Post_17",279,"DorsAttnB",184.9,169,92.3,83,158,169
"17Networks_RH_DorsAttnA_SPL_8",288,"RH_DorsAttn_Post_18","DorsAttn","7Networks_RH_DorsAttn_Post_18",272,"DorsAttnA",153.8,114,78.6,61,144,114
"17Networks_RH_DorsAttnB_PostC_7",289,"RH_DorsAttn_Post_19","DorsAttn","7Networks_RH_DorsAttn_Post_19",280,"DorsAttnB",165,134,83.2,66,160,134
"17Networks_RH_DorsAttnB_FEF_1",290,"RH_DorsAttn_FEF_1","DorsAttn","7Networks_RH_DorsAttn_FEF_1",282,"DorsAttnB",180.5,159,90.5,78.5,164,159
"17Networks_RH_DorsAttnB_FEF_2",291,"RH_DorsAttn_FEF_2","DorsAttn","7Networks_RH_DorsAttn_FEF_2",283,"DorsAttnB",208.4,201.5,104.9,103,166,201
"17Networks_RH_DorsAttnB_FEF_3",292,"RH_DorsAttn_FEF_3","DorsAttn","7Networks_RH_DorsAttn_FEF_3",284,"DorsAttnB",177.4,157,88.6,74,168,157
"17Networks_RH_ContA_PFCl_4",293,"RH_DorsAttn_PrCv_1","DorsAttn","7Networks_RH_DorsAttn_PrCv_1",333,"ContA",238.9,263,119.8,133,266,263
"17Networks_RH_TempPar_6",294,"RH_SalVentAttn_TempOccPar_1","SalVentAttn","7Networks_RH_SalVentAttn_TempOccPar_1",396,"TempPar",223,231,112.3,118.5,392,231
"17Networks_RH_TempPar_7",295,"RH_SalVentAttn_TempOccPar_2","SalVentAttn","7Networks_RH_SalVentAttn_TempOccPar_2",397,"TempPar",210.6,204,104.7,102,394,204
"17Networks_RH_TempPar_10",296,"RH_SalVentAttn_TempOccPar_3","SalVentAttn","7Networks_RH_SalVentAttn_TempOccPar_3",400,"TempPar",227.2,238,114.6,123.5,400,238
"17Networks_RH_SalVentAttnA_ParOper_1",297,"RH_SalVentAttn_TempOccPar_4","SalVentAttn","7Networks_RH_SalVentAttn_TempOccPar_4",285,"SalVentAttnA",191.9,178,95.9,88,170,178
"17Networks_RH_SalVentAttnA_ParOper_2",298,"RH_SalVentAttn_TempOccPar_5","SalVentAttn","7Networks_RH_SalVentAttn_TempOccPar_5",286,"SalVentAttnA",201.4,193,99.9,90,172,193
"17Networks_RH_SalVentAttnA_ParOper_3",299,"RH_SalVentAttn_TempOccPar_6","SalVentAttn","7Networks_RH_SalVentAttn_TempOccPar_6",287,"SalVentAttnA",240.2,265,119.5,131.5,174,265
"17Networks_RH_SalVentAttnB_IPL_1",300,"RH_SalVentAttn_TempOccPar_7","SalVentAttn","7Networks_RH_SalVentAttn_TempOccPar_7",304,"SalVentAttnB",264.8,310,132.9,156.5,208,310
"17Networks_RH_SalVentAttnA_PrC_1",301,"RH_SalVentAttn_PrC_1","SalVentAttn","7Networks_RH_SalVentAttn_PrC_1",288,"SalVentAttnA",219.3,222.5,109.9,115,176,222
"17Networks_RH_SalVentAttnA_Ins_1",302,"RH_SalVentAttn_FrOperIns_1","SalVentAttn","7Networks_RH_SalVentAttn_FrOperIns_1",289,"SalVentAttnA",225.1,237,113.3,121,178,237
"17Networks_RH_SalVentAttnA_Ins_2",303,"RH_SalVentAttn_FrOperIns_2","SalVentAttn","7Networks_RH_SalVentAttn_FrOperIns_2",290,"SalVentAttnA",241.3,267.5,120.9,135,180,267
"17Networks_RH_SalVentAttnA_Ins_3",304,"RH_SalVentAttn_FrOperIns_3","SalVentAttn","7Networks_RH_SalVentAttn_FrOperIns_3",291,"SalVentAttnA",242.8,276,121.4,136,182,276
"17Networks_RH_SalVentAttnA_Ins_4",305,"RH_SalVentAttn_FrOperIns_4","SalVentAttn","7Networks_RH_SalVentAttn_FrOperIns_4",292,"SalVentAttnA",260.4,301,130.1,152,184,301
"17Networks_RH_SalVentAttnB_Ins_2",306,"RH_SalVentAttn_FrOperIns_5","SalVentAttn","7Networks_RH_SalVentAttn_FrOperIns_5",310,"SalVentAttnB",243.9,279,123.1,139,220,279
"17Networks_RH_SalVentAttnA_FrOper_1",307,"RH_SalVentAttn_FrOperIns_6","SalVentAttn","7Networks_RH_SalVentAttn_FrOperIns_6",293,"SalVentAttnA",214.7,211,107.6,109,186,211
"17Networks_RH_SalVentAttnA_FrOper_2",308,"RH_SalVentAttn_FrOperIns_7","SalVentAttn","7Networks_RH_SalVentAttn_FrOperIns_7",294,"SalVentAttnA",213.9,209,106.5,107,188,209
"17Networks_RH_SalVentAttnA_FrOper_3",309,"RH_SalVentAttn_FrOperIns_8","SalVentAttn","7Networks_RH_SalVentAttn_FrOperIns_8",295,"SalVentAttnA",235,253,118.9,129,190,253
"17Networks_RH_SalVentAttnB_PFCl_3",310,"RH_SalVentAttn_PFCl_1","SalVentAttn","7Networks_RH_SalVentAttn_PFCl_1",308,"SalVentAttnB",272.2,318,136.7,160,216,318
"17Networks_RH_SalVentAttnB_PFCmp_2",311,"RH_SalVentAttn_Med_1","SalVentAttn","7Networks_RH_SalVentAttn_Med_1",312,"SalVentAttnB",248.9,285,125.1,142,224,285
"17Networks_RH_SalVentAttnA_FrMed_1",312,"RH_SalVentAttn_Med_2","SalVentAttn","7Networks_RH_SalVentAttn_Med_2",296,"SalVentAttnA",208.4,201.5,105.3,105,192,202
"17Networks_RH_SalVentAttnA_ParMed_2",313,"RH_SalVentAttn_Med_3","SalVentAttn","7Networks_RH_SalVentAttn_Med_3",298,"SalVentAttnA",196.3,183,99.2,89,196,183
"17Networks_RH_SalVentAttnA_FrMed_2",314,"RH_SalVentAttn_Med_4","SalVentAttn","7Networks_RH_SalVentAttn_Med_4",299,"SalVentAttnA",228.6,244,114.8,125,198,244
"17Networks_RH_SalVentAttnA_ParMed_3",315,"RH_SalVentAttn_Med_5","SalVentAttn","7Networks_RH_SalVentAttn_Med_5",300,"SalVentAttnA",148.2,104.5,74,51,200,105
"17Networks_RH_SalVentAttnA_ParMed_4",316,"RH_SalVentAttn_Med_6","SalVentAttn","7Networks_RH_SalVentAttn_Med_6",301,"SalVentAttnA",110.5,62,54.3,30,202,62
"17Networks_RH_SalVentAttnA_FrMed_3",317,"RH_SalVentAttn_Med_7","SalVentAttn","7Networks_RH_SalVentAttn_Med_7",302,"SalVentAttnA",168.5,140,85,69,204,140
"17Networks_RH_SalVentAttnA_FrMed_4",318,"RH_SalVentAttn_Med_8","SalVentAttn","7Networks_RH_SalVentAttn_Med_8",303,"SalVentAttnA",221.6,228,111.7,116,206,228
"17Networks_RH_LimbicB_OFC_1",319,"RH_Limbic_OFC_1","Limbic","7Networks_RH_Limbic_OFC_1",313,"LimbicB",248.5,283,123.8,141,226,283
"17Networks_RH_LimbicB_OFC_2",320,"RH_Limbic_OFC_2","Limbic","7Networks_RH_Limbic_OFC_2",314,"LimbicB",270.5,315,136.8,161,228,315
"17Networks_RH_LimbicB_OFC_3",321,"RH_Limbic_OFC_3","Limbic","7Networks_RH_Limbic_OFC_3",315,"LimbicB",260.5,302.5,130.6,153,230,302
"17Networks_RH_LimbicB_OFC_4",322,"RH_Limbic_OFC_4","Limbic","7Networks_RH_Limbic_OFC_4",316,"LimbicB",277.4,328,139.3,166,232,328
"17Networks_RH_LimbicB_OFC_5",323,"RH_Limbic_OFC_5","Limbic","7Networks_RH_Limbic_OFC_5",317,"LimbicB",215.1,212,107.9,110,234,212
"17Networks_RH_LimbicB_OFC_6",324,"RH_Limbic_OFC_6","Limbic","7Networks_RH_Limbic_OFC_6",318,"LimbicB",289.3,354,146.4,178,236,354
"17Networks_RH_LimbicA_TempPole_1",325,"RH_Limbic_TempPole_1","Limbic","7Networks_RH_Limbic_TempPole_1",319,"LimbicA",231.9,246,116.5,127,238,246
"17Networks_RH_LimbicA_TempPole_2",326,"RH_Limbic_TempPole_2","Limbic","7Networks_RH_Limbic_TempPole_2",320,"LimbicA",262.1,305,132,155,240,305
"17Networks_RH_LimbicA_TempPole_3",327,"RH_Limbic_TempPole_3","Limbic","7Networks_RH_Limbic_TempPole_3",321,"LimbicA",255,292.5,129.2,149,242,292
"17Networks_RH_LimbicA_TempPole_4",328,"RH_Limbic_TempPole_4","Limbic","7Networks_RH_Limbic_TempPole_4",322,"LimbicA",248.2,282,126.3,145,244,282
"17Networks_RH_LimbicA_TempPole_5",329,"RH_Limbic_TempPole_5","Limbic","7Networks_RH_Limbic_TempPole_5",323,"LimbicA",236.6,255,119.5,131.5,246,255
"17Networks_RH_LimbicA_TempPole_6",330,"RH_Limbic_TempPole_6","Limbic","7Networks_RH_Limbic_TempPole_6",324,"LimbicA",242,272,122,137,248,272
"17Networks_RH_DefaultC_PHC_1",331,"RH_Limbic_TempPole_7","Limbic","7Networks_RH_Limbic_TempPole_7",389,"DefaultC",198.4,186,100.1,92,378,186
"17Networks_RH_ContB_IPL_2",332,"RH_Cont_Par_1","Cont","7Networks_RH_Cont_Par_1",339,"ContB",284.5,344,142.7,175,278,344
"17Networks_RH_ContB_IPL_3",333,"RH_Cont_Par_2","Cont","7Networks_RH_Cont_Par_2",340,"ContB",263.5,307,131.9,154,280,307
"17Networks_RH_ContA_IPS_1",334,"RH_Cont_Par_3","Cont","7Networks_RH_Cont_Par_3",325,"ContA",205.3,199,103.2,100,250,199
"17Networks_RH_ContA_IPS_2",335,"RH_Cont_Par_4","Cont","7Networks_RH_Cont_Par_4",326,"ContA",235.8,254,117.7,128,252,254
"17Networks_RH_ContA_IPS_3",336,"RH_Cont_Par_5","Cont","7Networks_RH_Cont_Par_5",327,"ContA",210,203,105.2,104,254,203
"17Networks_RH_ContB_IPL_4",337,"RH_Cont_Par_6","Cont","7Networks_RH_Cont_Par_6",341,"ContB",237.9,258.5,119.3,130,282,258
"17Networks_RH_ContB_Temp_1",338,"RH_Cont_Temp_1","Cont","7Networks_RH_Cont_Temp_1",336,"ContB",332.9,399,168,200,272,399
"17Networks_RH_ContB_Temp_2",339,"RH_Cont_Temp_2","Cont","7Networks_RH_Cont_Temp_2",337,"ContB",329.7,398,166.4,199,274,398
"17Networks_RH_SalVentAttnB_Ins_1",340,"RH_Cont_PFCv_1","Cont","7Networks_RH_Cont_PFCv_1",309,"SalVentAttnB",273.2,323,137.4,164,218,323
"17Networks_RH_ContB_PFClv_2",341,"RH_Cont_PFCl_1","Cont","7Networks_RH_Cont_PFCl_1",347,"ContB",274,324,137.2,163,294,324
"17Networks_RH_ContB_PFClv_3",342,"RH_Cont_PFCl_2","Cont","7Networks_RH_Cont_PFCl_2",348,"ContB",296.5,369.5,148.9,185,296,369
"17Networks_RH_ContB_PFClv_4",343,"RH_Cont_PFCl_3","Cont","7Networks_RH_Cont_PFCl_3",349,"ContB",280.8,335,142,173,298,335
"17Networks_RH_SalVentAttnB_PFClv_1",344,"RH_Cont_PFCl_4","Cont","7Networks_RH_Cont_PFCl_4",305,"SalVentAttnB",252.5,289,127.8,146,210,289
"17Networks_RH_SalVentAttnB_PFCl_1",345,"RH_Cont_PFCl_5","Cont","7Networks_RH_Cont_PFCl_5",306,"SalVentAttnB",283.9,343,141.8,172,212,343
"17Networks_RH_ContA_PFCl_1",346,"RH_Cont_PFCl_6","Cont","7Networks_RH_Cont_PFCl_6",330,"ContA",253.5,290,128.3,147,260,290
"17Networks_RH_ContA_PFCl_2",347,"RH_Cont_PFCl_7","Cont","7Networks_RH_Cont_PFCl_7",331,"ContA",224.7,235.5,112.9,120,262,236
"17Networks_RH_SalVentAttnB_PFCl_2",348,"RH_Cont_PFCl_8","Cont","7Networks_RH_Cont_PFCl_8",307,"SalVentAttnB",296.3,367,148.7,183,214,367
"17Networks_RH_ContA_PFCl_3",349,"RH_Cont_PFCl_9","Cont","7Networks_RH_Cont_PFCl_9",332,"ContA",281.6,338,141.3,170,264,338
"17Networks_RH_ContA_PFCl_5",350,"RH_Cont_PFCl_10","Cont","7Networks_RH_Cont_PFCl_10",334,"ContA",265.3,311,132.9,156.5,268,311
"17Networks_RH_ContB_PFCld_1",351,"RH_Cont_PFCl_11","Cont","7Networks_RH_Cont_PFCl_11",342,"ContB",292.2,361,146.8,180,284,361
"17Networks_RH_ContB_PFCld_2",352,"RH_Cont_PFCl_12","Cont","7Networks_RH_Cont_PFCl_12",343,"ContB",296.4,368,149.1,187,286,368
"17Networks_RH_ContB_PFCld_3",353,"RH_Cont_PFCl_13","Cont","7Networks_RH_Cont_PFCl_13",344,"ContB",250.9,288,126.1,144,288,288
"17Networks_RH_ContB_PFCld_4",354,"RH_Cont_PFCl_14","Cont","7Networks_RH_Cont_PFCl_14",345,"ContB",292.1,360,146.7,179,290,360
"17Networks_RH_ContA_PFCd_1",355,"RH_Cont_PFCl_15","Cont","7Networks_RH_Cont_PFCl_15",329,"ContA",246.8,281,123.3,140,258,281
"17Networks_RH_ContC_pCun_2",356,"RH_Cont_pCun_1","Cont","7Networks_RH_Cont_pCun_1",352,"ContC",183.9,166,92.1,82,304,166
"17Networks_RH_ContC_pCun_3",357,"RH_Cont_pCun_2","Cont","7Networks_RH_Cont_pCun_2",353,"ContC",217.1,220,109.3,113,306,220
"17Networks_RH_ContC_Cingp_2",358,"RH_Cont_Cing_1","Cont","7Networks_RH_Cont_Cing_1",357,"ContC",138.7,89,70.55,44,314,89
"17Networks_RH_ContA_Cingm_1",359,"RH_Cont_Cing_2","Cont","7Networks_RH_Cont_Cing_2",335,"ContA",154.3,115,78.2,59,270,115
"17Networks_RH_SalVentAttnB_PFCmp_1",360,"RH_Cont_PFCmp_1","Cont","7Networks_RH_Cont_PFCmp_1",311,"SalVentAttnB",287.1,352.5,144,176,222,352
"17Networks_RH_ContB_PFCmp_1",361,"RH_Cont_PFCmp_2","Cont","7Networks_RH_Cont_PFCmp_2",350,"ContB",281.5,336.5,141.4,171,300,336
"17Networks_RH_TempPar_9",362,"RH_Default_Par_1","Default","7Networks_RH_Default_Par_1",399,"TempPar",255.8,294,128.9,148,398,294
"17Networks_RH_DefaultC_IPL_1",363,"RH_Default_Par_2","Default","7Networks_RH_Default_Par_2",385,"DefaultC",215.4,213,109.4,114,370,213
"17Networks_RH_DefaultA_IPL_1",364,"RH_Default_Par_3","Default","7Networks_RH_Default_Par_3",359,"DefaultA",296.6,371,149,186,318,371
"17Networks_RH_ContB_IPL_1",365,"RH_Default_Par_4","Default","7Networks_RH_Default_Par_4",338,"ContB",298.9,376,151.1,193,276,376
"17Networks_RH_DefaultA_IPL_2",366,"RH_Default_Par_5","Default","7Networks_RH_Default_Par_5",360,"DefaultA",268.6,314,135.4,158,320,314
"17Networks_RH_DefaultB_AntTemp_1",367,"RH_Default_Temp_1","Default","7Networks_RH_Default_Temp_1",376,"DefaultB",294.1,366,147.8,181,352,366
"17Networks_RH_DefaultA_Temp_1",368,"RH_Default_Temp_2","Default","7Networks_RH_Default_Temp_2",358,"DefaultA",320.6,396,161.4,198,316,396
"17Networks_RH_TempPar_1",369,"RH_Default_Temp_3","Default","7Networks_RH_Default_Temp_3",391,"TempPar",257.7,297,129.4,150,382,297
"17Networks_RH_TempPar_2",370,"RH_Default_Temp_4","Default","7Networks_RH_Default_Temp_4",392,"TempPar",280.7,334,140.9,168.5,384,334
"17Networks_RH_DefaultB_Temp_1",371,"RH_Default_Temp_5","Default","7Networks_RH_Default_Temp_5",374,"DefaultB",278.7,333,140.8,167,348,333
"17Networks_RH_TempPar_3",372,"RH_Default_Temp_6","Default","7Networks_RH_Default_Temp_6",393,"TempPar",215.7,215,108.1,111,386,215
"17Networks_RH_DefaultB_Temp_2",373,"RH_Default_Temp_7","Default","7Networks_RH_Default_Temp_7",375,"DefaultB",271.2,316,136,159,350,316
"17Networks_RH_TempPar_5",374,"RH_Default_Temp_8","Default","7Networks_RH_Default_Temp_8",395,"TempPar",203.4,196,102.6,98,390,196
"17Networks_RH_DefaultB_PFCv_1",375,"RH_Default_PFCv_1","Default","7Networks_RH_Default_PFCv_1",382,"DefaultB",281.5,336.5,142.1,174,364,337
"17Networks_RH_ContB_PFClv_1",376,"RH_Default_PFCv_2","Default","7Networks_RH_Default_PFCv_2",346,"ContB",277.6,329,140.9,168.5,292,329
"17Networks_RH_DefaultB_PFCv_2",377,"RH_Default_PFCv_3","Default","7Networks_RH_Default_PFCv_3",383,"DefaultB",292,358.5,148.1,182,366,359
"17Networks_RH_DefaultB_PFCv_3",378,"RH_Default_PFCv_4","Default","7Networks_RH_Default_PFCv_4",384,"DefaultB",274.5,326,138.2,165,368,326
"17Networks_RH_DefaultA_PFCm_1",379,"RH_Default_PFCdPFCm_1","Default","7Networks_RH_Default_PFCdPFCm_1",368,"DefaultA",299.9,379.5,149.6,189,336,379
"17Networks_RH_DefaultA_PFCm_2",380,"RH_Default_PFCdPFCm_2","Default","7Networks_RH_Default_PFCdPFCm_2",369,"DefaultA",291.5,357,144.9,177,338,357
"17Networks_RH_DefaultA_PFCm_3",381,"RH_Default_PFCdPFCm_3","Default","7Networks_RH_Default_PFCdPFCm_3",370,"DefaultA",299.9,379.5,150.6,192,340,380
"17Networks_RH_DefaultA_PFCm_4",382,"RH_Default_PFCdPFCm_4","Default","7Networks_RH_Default_PFCdPFCm_4",371,"DefaultA",312.1,390,157.5,197,342,390
"17Networks_RH_DefaultA_PFCm_5",383,"RH_Default_PFCdPFCm_5","Default","7Networks_RH_Default_PFCdPFCm_5",372,"DefaultA",296.9,373,149.3,188,344,373
"17Networks_RH_DefaultA_PFCm_6",384,"RH_Default_PFCdPFCm_6","Default","7Networks_RH_Default_PFCdPFCm_6",373,"DefaultA",202.1,195,100.2,93.5,346,195
"17Networks_RH_DefaultB_PFCd_1",385,"RH_Default_PFCdPFCm_7","Default","7Networks_RH_Default_PFCdPFCm_7",377,"DefaultB",307.9,387,154.7,196,354,387
"17Networks_RH_DefaultB_PFCd_2",386,"RH_Default_PFCdPFCm_8","Default","7Networks_RH_Default_PFCdPFCm_8",378,"DefaultB",304.2,382,153.3,194,356,382
"17Networks_RH_DefaultB_PFCd_3",387,"RH_Default_PFCdPFCm_9","Default","7Networks_RH_Default_PFCdPFCm_9",379,"DefaultB",297.1,374,149.7,190,358,374
"17Networks_RH_DefaultA_PFCd_1",388,"RH_Default_PFCdPFCm_10","Default","7Networks_RH_Default_PFCdPFCm_10",361,"DefaultA",297.7,375,150.1,191,322,375
"17Networks_RH_DefaultB_PFCd_4",389,"RH_Default_PFCdPFCm_11","Default","7Networks_RH_Default_PFCdPFCm_11",380,"DefaultB",308.3,388.5,154.2,195,360,389
"17Networks_RH_DefaultA_PFCd_2",390,"RH_Default_PFCdPFCm_12","Default","7Networks_RH_Default_PFCdPFCm_12",362,"DefaultA",293.7,365,148.8,184,324,365
"17Networks_RH_DefaultB_PFCd_5",391,"RH_Default_PFCdPFCm_13","Default","7Networks_RH_Default_PFCdPFCm_13",381,"DefaultB",272.8,320,137.1,162,362,320
"17Networks_RH_DefaultC_Rsp_2",392,"RH_Default_pCunPCC_1","Default","7Networks_RH_Default_pCunPCC_1",388,"DefaultC",222.1,229,112.3,118.5,376,229
"17Networks_RH_ContC_Cingp_1",393,"RH_Default_pCunPCC_2","Default","7Networks_RH_Default_pCunPCC_2",356,"ContC",174.4,150,89.55,76,312,150
"17Networks_RH_ContC_pCun_1",394,"RH_Default_pCunPCC_3","Default","7Networks_RH_Default_pCunPCC_3",351,"ContC",185.6,171,93.1,84,302,171
"17Networks_RH_DefaultA_pCunPCC_1",395,"RH_Default_pCunPCC_4","Default","7Networks_RH_Default_pCunPCC_4",363,"DefaultA",248.7,284,126,143,326,284
"17Networks_RH_DefaultA_pCunPCC_2",396,"RH_Default_pCunPCC_5","Default","7Networks_RH_Default_pCunPCC_5",364,"DefaultA",228.5,243,116,126,328,243
"17Networks_RH_DefaultA_pCunPCC_3",397,"RH_Default_pCunPCC_6","Default","7Networks_RH_Default_pCunPCC_6",365,"DefaultA",254.8,291,129.9,151,330,291
"17Networks_RH_DefaultA_pCunPCC_4",398,"RH_Default_pCunPCC_7","Default","7Networks_RH_Default_pCunPCC_7",366,"DefaultA",245,280,122.5,138,332,280
"17Networks_RH_DefaultA_pCunPCC_5",399,"RH_Default_pCunPCC_8","Default","7Networks_RH_Default_pCunPCC_8",367,"DefaultA",221.3,227,111.8,117,334,227
"17Networks_RH_ContC_pCun_4",400,"RH_Default_pCunPCC_9","Default","7Networks_RH_Default_pCunPCC_9",354,"ContC",204.9,197,102.7,99,308,197
